<nocraftingchallenge>

<!--================================
	FIX PHYSICIAN PERK
	================================ -->
	<!-- Remove Old Stuff -->
<!-- NOT WORKING - NOT SURE WHY
	<remove xpath="//triggered_effect[@cvar='healthPerkIncrease']"/>
	<remove xpath="//triggered_effect[@cvar='medicPerkIncrease']"/>
-->
	<!-- Add New Stuff -->
<!-- NOT WORKING - NOT SURE WHY
	<append xpath="/buffs/buff[@name='buffPerkAbilityUpdate']/effect_group">
		<triggered_effect trigger="onSelfBuffStack" action="ModifyCVar" cvar="healthPerkIncrease" operation="set" value="2">
			<requirement name="ProgressionLevel" progression_name="perkPhysician" operation="Equals" value="0"/></triggered_effect>
		<triggered_effect trigger="onSelfBuffStack" action="ModifyCVar" cvar="healthPerkIncrease" operation="set" value="2.2">
			<requirement name="ProgressionLevel" progression_name="perkPhysician" operation="Equals" value="1"/></triggered_effect>
		<triggered_effect trigger="onSelfBuffStack" action="ModifyCVar" cvar="healthPerkIncrease" operation="set" value="2.4">
			<requirement name="ProgressionLevel" progression_name="perkPhysician" operation="Equals" value="2"/></triggered_effect>
		<triggered_effect trigger="onSelfBuffStack" action="ModifyCVar" cvar="healthPerkIncrease" operation="set" value="2.8">
			<requirement name="ProgressionLevel" progression_name="perkPhysician" operation="Equals" value="3"/></triggered_effect>
		<triggered_effect trigger="onSelfBuffStack" action="ModifyCVar" cvar="healthPerkIncrease" operation="set" value="3.2">
			<requirement name="ProgressionLevel" progression_name="perkPhysician" operation="Equals" value="4"/></triggered_effect>
		<triggered_effect trigger="onSelfBuffStack" action="ModifyCVar" cvar="healthPerkIncrease" operation="set" value="4">
			<requirement name="ProgressionLevel" progression_name="perkPhysician" operation="Equals" value="5"/></triggered_effect>

		<triggered_effect trigger="onSelfBuffStack" action="ModifyCVar" cvar="medicPerkIncrease" operation="set" value="1">
			<requirement name="ProgressionLevel" progression_name="perkPhysician" operation="Equals" value="0"/></triggered_effect>
		<triggered_effect trigger="onSelfBuffStack" action="ModifyCVar" cvar="medicPerkIncrease" operation="set" value="1.1">
			<requirement name="ProgressionLevel" progression_name="perkPhysician" operation="Equals" value="1"/></triggered_effect>
		<triggered_effect trigger="onSelfBuffStack" action="ModifyCVar" cvar="medicPerkIncrease" operation="set" value="1.2">
			<requirement name="ProgressionLevel" progression_name="perkPhysician" operation="Equals" value="2"/></triggered_effect>
		<triggered_effect trigger="onSelfBuffStack" action="ModifyCVar" cvar="medicPerkIncrease" operation="set" value="1.4">
			<requirement name="ProgressionLevel" progression_name="perkPhysician" operation="Equals" value="3"/></triggered_effect>
		<triggered_effect trigger="onSelfBuffStack" action="ModifyCVar" cvar="medicPerkIncrease" operation="set" value="1.6">
			<requirement name="ProgressionLevel" progression_name="perkPhysician" operation="Equals" value="4"/></triggered_effect>
		<triggered_effect trigger="onSelfBuffStack" action="ModifyCVar" cvar="medicPerkIncrease" operation="set" value="2">
			<requirement name="ProgressionLevel" progression_name="perkPhysician" operation="Equals" value="5"/></triggered_effect>
	</append>
-->

</nocraftingchallenge>