<nocraftingchallenge>

<!--================================
	CHANGE STARTING EQUIPMENT (include bedroll)
	================================ -->
	<remove xpath="/entity_classes/entity_class[@name='playerMale']/property[@name='ItemsOnEnterGame.GameModeSurvival']"/>
	<remove xpath="/entity_classes/entity_class[@name='playerMale']/property[@name='ItemsOnEnterGame.GameModeSurvivalSP']"/>
	<remove xpath="/entity_classes/entity_class[@name='playerMale']/property[@name='ItemsOnEnterGame.GameModeSurvivalMP']"/>
	<append xpath="/entity_classes/entity_class[@name='playerMale']">
		<property name="ItemsOnEnterGame.GameModeSurvival" value="drinkJarBoiledWater,foodCanChili,medicalFirstAidBandage,meleeToolTorch,keystoneBlock,bedroll"/>
		<property name="ItemsOnEnterGame.GameModeSurvivalSP" value="drinkJarBoiledWater,foodCanChili,medicalFirstAidBandage,meleeToolTorch,keystoneBlock,bedroll"/>
		<property name="ItemsOnEnterGame.GameModeSurvivalMP" value="drinkJarBoiledWater,foodCanChili,medicalFirstAidBandage,meleeToolTorch,keystoneBlock,bedroll"/>
	</append>
	<append xpath="/entity_classes/entity_class[@name='playerFemale']">
		<property name="ItemsOnEnterGame.GameModeSurvival" value="drinkJarBoiledWater,foodCanChili,medicalFirstAidBandage,meleeToolTorch,keystoneBlock,bedroll"/>
		<property name="ItemsOnEnterGame.GameModeSurvivalSP" value="drinkJarBoiledWater,foodCanChili,medicalFirstAidBandage,meleeToolTorch,keystoneBlock,bedroll"/>
		<property name="ItemsOnEnterGame.GameModeSurvivalMP" value="drinkJarBoiledWater,foodCanChili,medicalFirstAidBandage,meleeToolTorch,keystoneBlock,bedroll"/>
	</append>
	
</nocraftingchallenge>