<nocraftingchallenge>
<!--================================
	ASSIGN/FIXING ECONOMIC VALUES AND REPAIR MATERIALS
	================================ -->

	<append xpath="/blocks/block[@name='cntWaterCoolerFull']">
			<property name="EconomicValue" value="44"/>
			<property class="RepairItems"> <property name="resourceScrapPolymers" value="4"/> </property>
	</append>
	<append xpath="/blocks/block[@name='cntBookcaseFull']">
			<property name="EconomicValue" value="24"/>
			<property class="RepairItems"> <property name="resourceWood" value="4"/> </property>
	</append>

	<append xpath="/blocks/block[@name='keystoneBlock']">
			<property name="EconomicValue" value="144"/>
	</append>

<!--================================
	PUT WEIGHTS ON STUFF SO THEY CAN STILL BE SCRAPPED EVEN THOUGH ALL THE RECIPES ARE GONE
	================================ -->
	<append xpath="/blocks/block[@name='toolCookingPot']">
		<property name="Weight" value="5"/>
	</append>
	<append xpath="/blocks/block[@name='woodChair1']">
		<property name="Weight" value="6"/>
	</append>
	<append xpath="/blocks/block[@name='oldChair1']">
		<property name="Weight" value="6"/>
	</append>


<!--================================
	FIX SNOWBERRY GROWTH STATE (from Home Depot Mod)
	================================ -->

	<set xpath="/blocks/block[@name='plantedSnowberry2']/property[@name='PlantGrowing.Next']/@value">plantedSnowberry3HarvestPlayer</set>


</nocraftingchallenge>