<nocraftingchallenge>

<!--================================
	RE-TOOL INTELLECT FOR XP-GAIN BONUS
	================================ -->
	<remove xpath="/progression/attributes/attribute[@name='attIntellect']/effect_group"/>
	<append xpath="/progression/attributes/attribute[@name='attIntellect']">
		<effect_group>
			<passive_effect name="PlayerExpGain" operation="perc_add" value="0.0,0.40" level="1,9"/>
			<passive_effect name="PlayerExpGain" operation="perc_add" value="0.5" level="10"/>
			<passive_effect name="PlayerExpGain" operation="perc_add" value="0.52,0.70" level="11,20"/>
		</effect_group>
	</append>

<!--================================
	REMOVE OR FIX PERKS (mostly the crafting perks)
	================================ -->
	<!-- Fix Living Off The Land.  Crafting seeds gone, but double Wild plants and level 1 -->
	<set xpath="/progression/perks/perk[@name='perkLivingOffTheLand']/effect_group/passive_effect[@tags='wildCropsHarvest']/@value">1</set>
	<remove xpath="//perk[@name='perkLivingOffTheLand']/effect_group/effect_description"/>
	<append xpath="/progression/perks/perk[@name='perkLivingOffTheLand']/effect_group">
			<effect_description level="1" desc_base="Harvest 2 items from Wild plants." />
			<effect_description level="2" desc_base="Harvest 2 items from planted crops." />
			<effect_description level="3" desc_base="Harvest 3 items from planted crops." />
			<effect_description level="4" desc_base="Harvest 4 items from planted crops." />
			<effect_description level="5" desc_base="Harvest 5 items from planted crops." />
	</append>

	<!-- Disable the obviously craft-only perks. -->
	<remove xpath="//perk[@parent='skillCraftsmanship']/level_requirements/requirement[@name='PlayerLevel']"/>
	<set xpath="//perk[@parent='skillCraftsmanship']/level_requirements/requirement/@value">99</set>
	<set xpath="//perk[@parent='skillCraftsmanship']/level_requirements/requirement/@desc_key">goDisabled</set>

</nocraftingchallenge>