<nocraftingchallenge>
<!--================================
	FIX ECONOMIC VALUE OF VEHICLES
	================================ -->
	<set xpath="/items/item[@name='vehicleBicyclePlaceable']/property[@name='EconomicValue']/@value">250</set> <!-- from 800 -->
	<set xpath="/items/item[@name='vehicleMinibikePlaceable']/property[@name='EconomicValue']/@value">2000</set> <!-- from 6000 -->
	<set xpath="/items/item[@name='vehicleMotorcyclePlaceable']/property[@name='EconomicValue']/@value">4000</set> <!-- from 10000 -->
	<set xpath="/items/item[@name='vehicle4x4TruckPlaceable']/property[@name='EconomicValue']/@value">15000</set> <!-- from 30000 -->
	<set xpath="/items/item[@name='vehicleGyrocopterPlaceable']/property[@name='EconomicValue']/@value">25000</set> <!-- from 50000 -->

</nocraftingchallenge>